lon,lat,info
113.783257,22.666773,i19672-o3-h-3
113.811577,22.666773,i19673-o1-h1
113.872948,22.666773,i19674-o1-h26
113.875778,22.666773,i19675-o2-h29
113.784195,22.667717,i19729-o3-h-3
113.872002,22.667717,i19730-o1-h32
113.875778,22.667717,i19731-o2-h31
113.785141,22.668661,i19790-o3-h-3
113.870117,22.668661,i19791-o1-h34
113.871056,22.668661,i19792-o1-h34
113.876724,22.668661,i19793-o2-h35
113.785141,22.669605,i19855-o3-h-3
113.869171,22.669605,i19856-o1-h39
113.876724,22.669605,i19857-o2-h35
113.786087,22.670549,i19914-o3-h-3
113.868225,22.670549,i19915-o1-h41
113.876724,22.670549,i19916-o2-h35
113.787033,22.671494,i19969-o3-h-3
113.793640,22.671494,i19970-o1-h-3
113.794586,22.671494,i19971-o1-h-3
113.795525,22.671494,i19972-o1-h-3
113.866341,22.671494,i19973-o1-h41
113.867279,22.671494,i19974-o1-h41
113.876724,22.671494,i19975-o2-h35
113.787971,22.672438,i20024-o3-h-3
113.792694,22.672438,i20025-o1-h-3
113.796471,22.672438,i20026-o1-h-1
113.797417,22.672438,i20027-o1-h-1
113.798363,22.672438,i20028-o1-h-1
113.799301,22.672438,i20029-o1-h-1
113.860672,22.672438,i20030-o1-h44
113.861618,22.672438,i20031-o1-h44
113.863503,22.672438,i20032-o1-h41
113.865395,22.672438,i20033-o1-h41
113.877670,22.672438,i20034-o2-h35
113.788918,22.672438,i20092-o3-h-3
113.789864,22.672438,i20093-o3-h-3
113.790810,22.672438,i20094-o3-h-3
113.800247,22.672438,i20095-o1-h-1
113.859726,22.672438,i20096-o1-h44
113.862564,22.672438,i20097-o1-h44
113.878609,22.672438,i20098-o2-h35
113.792694,22.673382,i20147-o3-h-3
113.801193,22.673382,i20148-o1-h-1
113.821960,22.673382,i20149-o1-h6
113.879555,22.673382,i20150-o2-h35
113.792694,22.674326,i20200-o1-h-3
113.793640,22.674326,i20201-o3-h-3
113.821960,22.674326,i20202-o1-h3
113.880501,22.674326,i20203-o2-h35
113.792694,22.675270,i20249-o1-h-3
113.793640,22.675270,i20250-o3-h-3
113.821960,22.675270,i20251-o1-h3
113.880501,22.675270,i20252-o2-h35
113.792694,22.676214,i20307-o1-h-3
113.793640,22.676214,i20308-o3-h-3
113.822906,22.676214,i20309-o1-h3
113.880501,22.676214,i20310-o2-h35
113.792694,22.677158,i20358-o1-h-3
113.793640,22.677158,i20359-o3-h-3
113.821022,22.677158,i20360-o1-h2
113.821960,22.677158,i20361-o1-h3
113.831406,22.677158,i20362-o1-h14
113.880501,22.677158,i20363-o2-h36
113.792694,22.678102,i20405-o1-h-3
113.794586,22.678102,i20406-o3-h-3
113.795525,22.678102,i20407-o3-h-1
113.821022,22.678102,i20408-o1-h2
113.830460,22.678102,i20409-o1-h14
113.880501,22.678102,i20410-o2-h38
113.790810,22.679047,i20470-o1-h-2
113.796471,22.679047,i20471-o3-h-1
113.820076,22.679047,i20472-o1-h2
113.822906,22.679047,i20473-o2-h3
113.823853,22.679047,i20474-o2-h5
113.831406,22.679047,i20475-o1-h12
113.881447,22.679047,i20476-o2-h38
113.790810,22.679991,i20546-o1-h-2
113.797417,22.679991,i20547-o3-h-1
113.819130,22.679991,i20548-o1-h-1
113.821960,22.679991,i20549-o2-h1
113.824799,22.679991,i20550-o2-h7
113.831406,22.679991,i20551-o1-h12
113.881447,22.679991,i20552-o2-h38
113.798363,22.680935,i20615-o3-h-1
113.819130,22.680935,i20616-o1-h-1
113.821022,22.680935,i20617-o2-h-1
113.825737,22.680935,i20618-o2-h9
113.831406,22.680935,i20619-o2-h12
113.832352,22.680935,i20620-o1-h12
113.833290,22.680935,i20621-o1-h12
113.834236,22.680935,i20622-o1-h12
113.835182,22.680935,i20623-o1-h12
113.877670,22.680935,i20624-o1-h44
113.878609,22.680935,i20625-o1-h43
113.879555,22.680935,i20626-o1-h41
113.880501,22.680935,i20627-o1-h39
113.881447,22.680935,i20628-o1-h39
113.893715,22.680935,i20629-o1-h32
113.799301,22.681879,i20687-o3-h-1
113.819130,22.681879,i20688-o1-h-1
113.820076,22.681879,i20689-o2-h-1
113.826683,22.681879,i20690-o2-h9
113.830460,22.681879,i20691-o2-h12
113.836128,22.681879,i20692-o1-h12
113.837067,22.681879,i20693-o1-h13
113.876724,22.681879,i20694-o1-h58
113.881447,22.681879,i20695-o1-h39
113.894661,22.681879,i20696-o1-h32
113.800247,22.682823,i20761-o3-h-1
113.819130,22.682823,i20762-o2-h-1
113.827629,22.682823,i20763-o2-h12
113.829514,22.682823,i20764-o2-h12
113.838013,22.682823,i20765-o1-h14
113.875778,22.682823,i20766-o1-h65
113.881447,22.682823,i20767-o1-h40
113.895607,22.682823,i20768-o1-h32
113.801193,22.683767,i20828-o3-h-1
113.818184,22.683767,i20829-o2-h-1
113.828575,22.683767,i20830-o2-h12
113.838959,22.683767,i20831-o1-h16
113.842735,22.683767,i20832-o1-h17
113.874832,22.683767,i20833-o1-h72
113.771919,22.684711,i20893-o1-h-3
113.802139,22.684711,i20894-o3-h-1
113.817245,22.684711,i20895-o2-h-1
113.840843,22.684711,i20896-o1-h17
113.841789,22.684711,i20897-o1-h17
113.873894,22.684711,i20898-o1-h72
113.772865,22.685656,i20946-o1-h-2
113.802139,22.685656,i20947-o1-h-1
113.803078,22.685656,i20948-o3-h-1
113.815353,22.685656,i20949-o2-h-1
113.872948,22.685656,i20950-o1-h72
113.801193,22.686600,i21000-o1-h-1
113.804024,22.686600,i21001-o3-h-1
113.804970,22.686600,i21002-o2-h-1
113.805916,22.686600,i21003-o2-h-1
113.806854,22.686600,i21004-o2-h-1
113.807800,22.686600,i21005-o2-h-1
113.808746,22.686600,i21006-o2-h-1
113.809692,22.686600,i21007-o2-h-1
113.810631,22.686600,i21008-o2-h-1
113.811577,22.686600,i21009-o2-h-1
113.812523,22.686600,i21010-o2-h-1
113.813469,22.686600,i21011-o2-h-1
113.814407,22.686600,i21012-o2-h-1
113.870117,22.686600,i21013-o1-h72
113.871056,22.686600,i21014-o1-h72
113.872002,22.686600,i21015-o1-h72
113.801193,22.687544,i21086-o1-h-1
113.804970,22.687544,i21087-o2-h-1
113.805916,22.687544,i21088-o2-h-1
113.806854,22.687544,i21089-o2-h-1
113.807800,22.687544,i21090-o2-h-1
113.808746,22.687544,i21091-o2-h-1
113.809692,22.687544,i21092-o2-h-1
113.810631,22.687544,i21093-o2-h-1
113.811577,22.687544,i21094-o2-h-1
113.869171,22.687544,i21095-o1-h72
113.800247,22.688488,i21156-o1-h-1
113.805916,22.688488,i21157-o1-h-1
113.812523,22.688488,i21158-o2-h-1
113.813469,22.688488,i21159-o2-h-1
113.814407,22.688488,i21160-o2-h-1
113.815353,22.688488,i21161-o2-h-1
113.817245,22.688488,i21162-o2-h-1
113.799301,22.689432,i21223-o1-h0
113.806854,22.689432,i21224-o1-h-1
113.818184,22.689432,i21225-o2-h-1
113.798363,22.690376,i21283-o1-h0
113.807800,22.690376,i21284-o1-h-1
113.819130,22.690376,i21285-o2-h-1
113.798363,22.691320,i21321-o1-h0
113.807800,22.691320,i21322-o1-h-1
113.820076,22.691320,i21323-o2-h-1
113.808746,22.692265,i21374-o1-h-1
113.821022,22.692265,i21375-o2-h-1
113.851234,22.692265,i21376-o1-h23
113.852173,22.692265,i21377-o1-h23
113.853119,22.692265,i21378-o1-h23
113.809692,22.693209,i21425-o1-h-1
113.821960,22.693209,i21426-o2-h-1
113.832352,22.693209,i21427-o1-h13
113.850288,22.693209,i21428-o1-h23
113.854065,22.693209,i21429-o1-h23
113.822906,22.694153,i21473-o2-h-1
113.831406,22.694153,i21474-o1-h12
113.850288,22.694153,i21475-o1-h23
113.854065,22.694153,i21476-o1-h24
113.822906,22.695097,i21530-o2-h-1
113.830460,22.695097,i21531-o1-h10
113.849342,22.695097,i21532-o1-h23
113.855011,22.695097,i21533-o1-h26
113.822906,22.695097,i21598-o2-h-1
113.823853,22.695097,i21599-o2-h0
113.828575,22.695097,i21600-o1-h9
113.829514,22.695097,i21601-o1-h9
113.830460,22.695097,i21602-o1-h9
113.848396,22.695097,i21603-o1-h23
113.855011,22.695097,i21604-o1-h33
113.894661,22.695097,i21605-o1-h31
113.895607,22.695097,i21606-o1-h31
113.823853,22.696041,i21669-o2-h3
113.827629,22.696041,i21670-o1-h9
113.847458,22.696041,i21671-o1-h23
113.855011,22.696041,i21672-o1-h36
113.893715,22.696041,i21673-o1-h31
113.823853,22.696985,i21729-o2-h6
113.825737,22.696985,i21730-o2-h9
113.826683,22.696985,i21731-o2-h9
113.827629,22.696985,i21732-o1-h9
113.831406,22.696985,i21733-o1-h9
113.847458,22.696985,i21734-o1-h23
113.855011,22.696985,i21735-o1-h36
113.893715,22.696985,i21736-o1-h33
113.824799,22.697929,i21809-o2-h7
113.828575,22.697929,i21810-o1-h9
113.829514,22.697929,i21811-o1-h9
113.830460,22.697929,i21812-o1-h9
113.847458,22.697929,i21813-o1-h21
113.855011,22.697929,i21814-o1-h36
113.892776,22.697929,i21815-o1-h34
113.848396,22.698874,i21891-o1-h21
113.855011,22.698874,i21892-o1-h36
113.855949,22.698874,i21893-o1-h37
113.856895,22.698874,i21894-o1-h37
113.857841,22.698874,i21895-o1-h37
113.858788,22.698874,i21896-o1-h39
113.891830,22.698874,i21897-o1-h35
113.848396,22.699818,i21960-o1-h20
113.859726,22.699818,i21961-o1-h39
113.779480,22.700762,i22046-o1-h-3
113.789864,22.700762,i22047-o1-h-2
113.848396,22.700762,i22048-o1-h12
113.860672,22.700762,i22049-o1-h39
113.880501,22.700762,i22050-o1-h46
113.769089,22.701706,i22113-o2-h-3
113.776642,22.701706,i22114-o1-h-3
113.777588,22.701706,i22115-o1-h-3
113.778534,22.701706,i22116-o1-h-3
113.790810,22.701706,i22117-o1-h-2
113.847458,22.701706,i22118-o1-h12
113.861618,22.701706,i22119-o1-h39
113.880501,22.701706,i22120-o1-h46
113.768143,22.702650,i22190-o2-h-3
113.770035,22.702650,i22191-o2-h-3
113.772865,22.702650,i22192-o1-h-3
113.773811,22.702650,i22193-o1-h-3
113.774757,22.702650,i22194-o1-h-3
113.775696,22.702650,i22195-o1-h-3
113.790810,22.702650,i22196-o1-h-2
113.847458,22.702650,i22197-o1-h12
113.880501,22.702650,i22198-o1-h43
113.761536,22.703594,i22256-o2-h-3
113.762482,22.703594,i22257-o2-h-3
113.763428,22.703594,i22258-o2-h-3
113.764366,22.703594,i22259-o2-h-3
113.765312,22.703594,i22260-o2-h-3
113.766258,22.703594,i22261-o2-h-3
113.770981,22.703594,i22262-o2-h-3
113.771919,22.703594,i22263-o2-h-3
113.772865,22.703594,i22264-o1-h-3
113.773811,22.703594,i22265-o1-h-3
113.774757,22.703594,i22266-o1-h-3
113.775696,22.703594,i22267-o1-h-3
113.776642,22.703594,i22268-o1-h-3
113.792694,22.703594,i22269-o1-h-3
113.847458,22.703594,i22270-o1-h12
113.880501,22.703594,i22271-o1-h38
113.777588,22.704538,i22328-o1-h-3
113.778534,22.704538,i22329-o1-h-3
113.792694,22.704538,i22330-o1-h-3
113.847458,22.704538,i22331-o1-h9
113.880501,22.704538,i22332-o1-h38
113.779480,22.705482,i22380-o1-h-3
113.792694,22.705482,i22381-o1-h-3
113.847458,22.705482,i22382-o1-h9
113.881447,22.705482,i22383-o1-h38
113.780418,22.706427,i22448-o1-h-3
113.792694,22.706427,i22449-o1-h-3
113.847458,22.706427,i22450-o1-h9
113.881447,22.706427,i22451-o1-h38
113.781364,22.707371,i22523-o1-h-3
113.792694,22.707371,i22524-o1-h-3
113.846512,22.707371,i22525-o1-h9
113.881447,22.707371,i22526-o1-h35
113.793640,22.708315,i22583-o1-h-3
113.845566,22.708315,i22584-o1-h9
113.881447,22.708315,i22585-o1-h35
113.793640,22.709259,i22643-o1-h-3
113.838013,22.709259,i22644-o1-h7
113.838959,22.709259,i22645-o1-h7
113.840843,22.709259,i22646-o1-h9
113.844620,22.709259,i22647-o1-h9
113.873894,22.709259,i22648-o1-h27
113.874832,22.709259,i22649-o1-h27
113.875778,22.709259,i22650-o1-h27
113.882385,22.709259,i22651-o1-h31
113.793640,22.710203,i22695-o1-h-3
113.837067,22.710203,i22696-o1-h7
113.841789,22.710203,i22697-o1-h9
113.842735,22.710203,i22698-o1-h9
113.843681,22.710203,i22699-o1-h9
113.876724,22.710203,i22700-o1-h25
113.882385,22.710203,i22701-o1-h30
113.793640,22.711147,i22762-o1-h-3
113.837067,22.711147,i22763-o1-h7
113.877670,22.711147,i22764-o1-h25
113.881447,22.711147,i22765-o1-h29
113.793640,22.712091,i22824-o1-h-3
113.836128,22.712091,i22825-o1-h7
113.878609,22.712091,i22826-o1-h25
113.881447,22.712091,i22827-o1-h27
113.793640,22.713036,i22876-o1-h-3
113.836128,22.713036,i22877-o1-h7
113.878609,22.713036,i22878-o1-h25
113.881447,22.713036,i22879-o1-h25
113.792694,22.713980,i22927-o1-h-3
113.802139,22.713980,i22928-o1-h1
113.803078,22.713980,i22929-o1-h1
113.804024,22.713980,i22930-o1-h1
113.804970,22.713980,i22931-o1-h1
113.805916,22.713980,i22932-o1-h1
113.835182,22.713980,i22933-o1-h7
113.877670,22.713980,i22934-o1-h25
113.881447,22.713980,i22935-o1-h25
113.790810,22.714924,i22986-o1-h-3
113.801193,22.714924,i22987-o1-h1
113.821022,22.714924,i22988-o1-h5
113.836128,22.714924,i22989-o1-h6
113.877670,22.714924,i22990-o1-h25
113.881447,22.714924,i22991-o1-h24
113.790810,22.715868,i23055-o1-h-3
113.800247,22.715868,i23056-o1-h1
113.821960,22.715868,i23057-o1-h1
113.836128,22.715868,i23058-o1-h6
113.878609,22.715868,i23059-o1-h23
113.879555,22.715868,i23060-o1-h23
113.880501,22.715868,i23061-o1-h23
113.881447,22.715868,i23062-o2-h22
113.882385,22.715868,i23063-o2-h22
113.883331,22.715868,i23064-o2-h22
113.770981,22.716812,i23117-o1-h-3
113.771919,22.716812,i23118-o1-h-3
113.790810,22.716812,i23119-o1-h-3
113.799301,22.716812,i23120-o1-h1
113.821960,22.716812,i23121-o1-h1
113.835182,22.716812,i23122-o1-h6
113.884277,22.716812,i23123-o2-h22
113.768143,22.716812,i23174-o1-h-3
113.769089,22.716812,i23175-o1-h-3
113.770035,22.716812,i23176-o1-h-3
113.772865,22.716812,i23177-o1-h-3
113.790810,22.716812,i23178-o1-h-3
113.798363,22.716812,i23179-o1-h1
113.821960,22.716812,i23180-o1-h1
113.834236,22.716812,i23181-o2-h6
113.835182,22.716812,i23182-o1-h6
113.836128,22.716812,i23183-o1-h6
113.837067,22.716812,i23184-o1-h8
113.885223,22.716812,i23185-o2-h21
113.887108,22.716812,i23186-o2-h21
113.888054,22.716812,i23187-o2-h21
113.889938,22.716812,i23188-o2-h21
113.890884,22.716812,i23189-o2-h21
113.766258,22.717756,i23239-o1-h-3
113.772865,22.717756,i23240-o1-h-3
113.790810,22.717756,i23241-o1-h-3
113.797417,22.717756,i23242-o1-h1
113.822906,22.717756,i23243-o1-h1
113.833290,22.717756,i23244-o2-h6
113.886162,22.717756,i23245-o2-h21
113.891830,22.717756,i23246-o2-h21
113.765312,22.718700,i23285-o1-h-3
113.773811,22.718700,i23286-o1-h-3
113.790810,22.718700,i23287-o1-h-3
113.797417,22.718700,i23288-o1-h1
113.822906,22.718700,i23289-o1-h1
113.832352,22.718700,i23290-o2-h6
113.892776,22.718700,i23291-o2-h20
113.762482,22.719645,i23332-o1-h-3
113.763428,22.719645,i23333-o1-h-3
113.764366,22.719645,i23334-o1-h-3
113.790810,22.719645,i23335-o1-h-3
113.796471,22.719645,i23336-o1-h-1
113.822906,22.719645,i23337-o1-h1
113.830460,22.719645,i23338-o2-h1
113.831406,22.719645,i23339-o2-h3
113.893715,22.719645,i23340-o2-h19
113.761536,22.720589,i23389-o1-h-3
113.790810,22.720589,i23390-o1-h-3
113.794586,22.720589,i23391-o1-h-2
113.795525,22.720589,i23392-o1-h-2
113.822906,22.720589,i23393-o1-h1
113.830460,22.720589,i23394-o2-h1
113.860672,22.720589,i23395-o1-h9
113.894661,22.720589,i23396-o2-h19
113.760590,22.721533,i23439-o1-h-8
113.790810,22.721533,i23440-o1-h-3
113.793640,22.721533,i23441-o1-h-3
113.823853,22.721533,i23442-o1-h1
113.830460,22.721533,i23443-o2-h1
113.857841,22.721533,i23444-o1-h7
113.859726,22.721533,i23445-o1-h9
113.893715,22.721533,i23446-o2-h19
113.759651,22.722477,i23481-o1-h-8
113.792694,22.722477,i23482-o2-h-3
113.823853,22.722477,i23483-o1-h1
113.830460,22.722477,i23484-o2-h1
113.852173,22.722477,i23485-o1-h9
113.856895,22.722477,i23486-o1-h7
113.858788,22.722477,i23487-o1-h7
113.893715,22.722477,i23488-o2-h19
113.789864,22.723421,i23534-o2-h-3
113.790810,22.723421,i23535-o2-h-3
113.823853,22.723421,i23536-o1-h1
113.829514,22.723421,i23537-o2-h1
113.852173,22.723421,i23538-o1-h6
113.855949,22.723421,i23539-o2-h7
113.856895,22.723421,i23540-o2-h7
113.857841,22.723421,i23541-o2-h7
113.892776,22.723421,i23542-o2-h15
113.788918,22.724365,i23592-o2-h-3
113.823853,22.724365,i23593-o1-h1
113.829514,22.724365,i23594-o2-h1
113.853119,22.724365,i23595-o1-h3
113.855011,22.724365,i23596-o2-h6
113.858788,22.724365,i23597-o1-h7
113.859726,22.724365,i23598-o1-h9
113.860672,22.724365,i23599-o1-h9
113.861618,22.724365,i23600-o1-h9
113.862564,22.724365,i23601-o1-h9
113.891830,22.724365,i23602-o2-h10
113.892776,22.724365,i23603-o2-h11
113.789864,22.725309,i23647-o2-h-3
113.823853,22.725309,i23648-o1-h1
113.829514,22.725309,i23649-o2-h1
113.853119,22.725309,i23650-o1-h3
113.854065,22.725309,i23651-o2-h3
113.891830,22.725309,i23652-o2-h10
113.790810,22.726254,i23700-o2-h-3
113.824799,22.726254,i23701-o1-h1
113.829514,22.726254,i23702-o2-h1
113.853119,22.726254,i23703-o1-h3
113.854065,22.726254,i23704-o2-h3
113.891830,22.726254,i23705-o2-h10
113.790810,22.727198,i23766-o2-h-3
113.825737,22.727198,i23767-o1-h1
113.829514,22.727198,i23768-o2-h1
113.853119,22.727198,i23769-o2-h3
113.891830,22.727198,i23770-o2-h10
113.790810,22.728142,i23833-o2-h-3
113.826683,22.728142,i23834-o1-h1
113.828575,22.728142,i23835-o2-h1
113.852173,22.728142,i23836-o2-h3
113.890884,22.728142,i23837-o2-h10
113.790810,22.729086,i23901-o2-h-3
113.826683,22.729086,i23902-o1-h1
113.827629,22.729086,i23903-o2-h1
113.851234,22.729086,i23904-o2-h3
113.890884,22.729086,i23905-o2-h10
113.790810,22.730030,i23986-o2-h-3
113.826683,22.730030,i23987-o2-h1
113.850288,22.730030,i23988-o2-h3
113.891830,22.730030,i23989-o2-h10
113.892776,22.730030,i23990-o2-h10
113.893715,22.730030,i23991-o2-h10
113.894661,22.730030,i23992-o2-h10
113.789864,22.730974,i24078-o2-h-3
113.807800,22.730974,i24079-o1-h5
113.825737,22.730974,i24080-o2-h1
113.849342,22.730974,i24081-o2-h3
113.895607,22.730974,i24082-o2-h10
113.789864,22.731918,i24176-o2-h-3
113.795525,22.731918,i24177-o1-h-2
113.796471,22.731918,i24178-o1-h-2
113.797417,22.731918,i24179-o1-h-2
113.805916,22.731918,i24180-o1-h3
113.806854,22.731918,i24181-o1-h5
113.824799,22.731918,i24182-o2-h-2
113.848396,22.731918,i24183-o2-h3
113.849342,22.731918,i24184-o1-h3
113.850288,22.731918,i24185-o1-h3
113.851234,22.731918,i24186-o1-h3
113.789864,22.732862,i24266-o2-h-3
113.790810,22.732862,i24267-o1-h-3
113.794586,22.732862,i24268-o1-h-2
113.798363,22.732862,i24269-o1-h-2
113.799301,22.732862,i24270-o1-h-2
113.800247,22.732862,i24271-o1-h-2
113.801193,22.732862,i24272-o1-h0
113.802139,22.732862,i24273-o1-h1
113.803078,22.732862,i24274-o1-h1
113.804024,22.732862,i24275-o1-h1
113.804970,22.732862,i24276-o1-h3
113.822906,22.732862,i24277-o1-h-2
113.823853,22.732862,i24278-o2-h-2
113.838013,22.732862,i24279-o2-h-1
113.847458,22.732862,i24280-o2-h3
113.852173,22.732862,i24281-o1-h3
113.788918,22.733807,i24341-o2-h-3
113.792694,22.733807,i24342-o1-h-2
113.793640,22.733807,i24343-o1-h-2
113.822906,22.733807,i24344-o1-h-2
113.823853,22.733807,i24345-o2-h-2
113.837067,22.733807,i24346-o2-h-1
113.838959,22.733807,i24347-o2-h2
113.846512,22.733807,i24348-o2-h3
113.787971,22.734751,i24404-o2-h-3
113.822906,22.734751,i24405-o1-h-2
113.823853,22.734751,i24406-o2-h-2
113.836128,22.734751,i24407-o2-h-1
113.840843,22.734751,i24408-o2-h2
113.844620,22.734751,i24409-o2-h3
113.845566,22.734751,i24410-o2-h3
113.787971,22.735695,i24473-o2-h-3
113.822906,22.735695,i24474-o1-h-2
113.823853,22.735695,i24475-o2-h-2
113.835182,22.735695,i24476-o2-h-1
113.841789,22.735695,i24477-o2-h2
113.842735,22.735695,i24478-o2-h2
113.843681,22.735695,i24479-o2-h3
113.787971,22.736639,i24529-o2-h-3
113.821960,22.736639,i24530-o1-h-2
113.823853,22.736639,i24531-o2-h-2
113.834236,22.736639,i24532-o2-h-1
113.787971,22.737583,i24598-o2-h-3
113.821960,22.737583,i24599-o1-h-2
113.823853,22.737583,i24600-o2-h-2
113.834236,22.737583,i24601-o2-h-1
113.885223,22.737583,i24602-o1-h12
113.788918,22.738527,i24653-o2-h-3
113.821960,22.738527,i24654-o1-h-3
113.822906,22.738527,i24655-o1-h-3
113.823853,22.738527,i24656-o2-h-3
113.833290,22.738527,i24657-o2-h-1
113.886162,22.738527,i24658-o1-h11
113.768143,22.739471,i24713-o1-h-2
113.788918,22.739471,i24714-o2-h-3
113.823853,22.739471,i24715-o2-h-3
113.832352,22.739471,i24716-o2-h-1
113.886162,22.739471,i24717-o1-h11
113.766258,22.739471,i24776-o1-h-2
113.788918,22.739471,i24777-o2-h-3
113.824799,22.739471,i24778-o2-h-3
113.832352,22.739471,i24779-o2-h-1
113.886162,22.739471,i24780-o1-h11
113.755875,22.740416,i24868-o1-h-4
113.757759,22.740416,i24869-o4-h-10
113.765312,22.740416,i24870-o1-h-2
113.788918,22.740416,i24871-o2-h-3
113.825737,22.740416,i24872-o2-h-3
113.832352,22.740416,i24873-o2-h-1
113.886162,22.740416,i24874-o1-h10
113.887108,22.740416,i24875-o1-h10
113.888054,22.740416,i24876-o1-h10
113.889938,22.740416,i24877-o1-h10
113.890884,22.740416,i24878-o1-h10
113.891830,22.740416,i24879-o1-h10
113.892776,22.740416,i24880-o1-h10
113.893715,22.740416,i24881-o1-h10
113.894661,22.740416,i24882-o1-h10
113.895607,22.740416,i24883-o1-h10
113.754929,22.741360,i24981-o1-h-4
113.758705,22.741360,i24982-o4-h-10
113.759651,22.741360,i24983-o4-h-10
113.766258,22.741360,i24984-o1-h-5
113.788918,22.741360,i24985-o2-h-3
113.826683,22.741360,i24986-o2-h-4
113.831406,22.741360,i24987-o2-h-3
113.754929,22.742304,i25059-o1-h-3
113.760590,22.742304,i25060-o4-h-10
113.766258,22.742304,i25061-o1-h-9
113.768143,22.742304,i25062-o3-h-9
113.788918,22.742304,i25063-o2-h-3
113.825737,22.742304,i25064-o2-h-4
113.831406,22.742304,i25065-o2-h-4
113.761536,22.743248,i25138-o4-h-10
113.762482,22.743248,i25139-o4-h-10
113.766258,22.743248,i25140-o3-h-9
113.769089,22.743248,i25141-o3-h-9
113.788918,22.743248,i25142-o2-h-3
113.807800,22.743248,i25143-o1-h1
113.826683,22.743248,i25144-o2-h-4
113.831406,22.743248,i25145-o2-h-4
113.763428,22.744192,i25225-o4-h-10
113.765312,22.744192,i25226-o3-h-10
113.770035,22.744192,i25227-o3-h-9
113.789864,22.744192,i25228-o2-h-3
113.793640,22.744192,i25229-o1-h-3
113.808746,22.744192,i25230-o1-h1
113.826683,22.744192,i25231-o2-h-4
113.831406,22.744192,i25232-o2-h-4
113.872002,22.744192,i25233-o1-h7
113.764366,22.745136,i25300-o4-h-10
113.770981,22.745136,i25301-o3-h-9
113.790810,22.745136,i25302-o2-h-3
113.792694,22.745136,i25303-o1-h-3
113.808746,22.745136,i25304-o1-h1
113.826683,22.745136,i25305-o2-h-4
113.831406,22.745136,i25306-o2-h-4
113.845566,22.745136,i25307-o1-h2
113.872002,22.745136,i25308-o1-h7
113.764366,22.746080,i25364-o4-h-10
113.771919,22.746080,i25365-o3-h-9
113.790810,22.746080,i25366-o2-h-3
113.808746,22.746080,i25367-o1-h1
113.826683,22.746080,i25368-o2-h-4
113.831406,22.746080,i25369-o2-h-4
113.838013,22.746080,i25370-o2-h-3
113.844620,22.746080,i25371-o1-h2
113.872002,22.746080,i25372-o1-h7
113.764366,22.747025,i25433-o4-h-10
113.771919,22.747025,i25434-o3-h-7
113.777588,22.747025,i25435-o1-h-7
113.789864,22.747025,i25436-o2-h-3
113.808746,22.747025,i25437-o1-h1
113.823853,22.747025,i25438-o1-h-4
113.826683,22.747025,i25439-o2-h-4
113.831406,22.747025,i25440-o2-h-4
113.832352,22.747025,i25441-o2-h-4
113.833290,22.747025,i25442-o2-h-4
113.834236,22.747025,i25443-o2-h-4
113.835182,22.747025,i25444-o2-h-4
113.836128,22.747025,i25445-o2-h-4
113.837067,22.747025,i25446-o2-h-3
113.838959,22.747025,i25447-o2-h-3
113.840843,22.747025,i25448-o2-h-3
113.841789,22.747025,i25449-o2-h-3
113.842735,22.747025,i25450-o2-h0
113.843681,22.747025,i25451-o2-h2
113.872002,22.747025,i25452-o1-h7
113.764366,22.747969,i25517-o4-h-10
113.772865,22.747969,i25518-o3-h-7
113.773811,22.747969,i25519-o3-h-7
113.774757,22.747969,i25520-o3-h-7
113.775696,22.747969,i25521-o3-h-7
113.776642,22.747969,i25522-o3-h-7
113.789864,22.747969,i25523-o2-h-3
113.808746,22.747969,i25524-o1-h1
113.823853,22.747969,i25525-o1-h-4
113.826683,22.747969,i25526-o2-h-4
113.831406,22.747969,i25527-o3-h-4
113.844620,22.747969,i25528-o1-h2
113.872002,22.747969,i25529-o1-h7
113.764366,22.748913,i25605-o4-h-10
113.777588,22.748913,i25606-o3-h-7
113.778534,22.748913,i25607-o3-h-7
113.789864,22.748913,i25608-o2-h-3
113.808746,22.748913,i25609-o1-h1
113.823853,22.748913,i25610-o1-h-4
113.826683,22.748913,i25611-o2-h-4
113.831406,22.748913,i25612-o3-h-4
113.844620,22.748913,i25613-o1-h2
113.872002,22.748913,i25614-o1-h7
113.764366,22.749857,i25682-o4-h-10
113.779480,22.749857,i25683-o3-h-7
113.789864,22.749857,i25684-o2-h-3
113.808746,22.749857,i25685-o1-h1
113.823853,22.749857,i25686-o1-h-4
113.826683,22.749857,i25687-o2-h-4
113.831406,22.749857,i25688-o3-h-4
113.844620,22.749857,i25689-o1-h2
113.855949,22.749857,i25690-o1-h7
113.856895,22.749857,i25691-o1-h7
113.857841,22.749857,i25692-o1-h7
113.872002,22.749857,i25693-o1-h7
113.764366,22.750801,i25760-o4-h-10
113.780418,22.750801,i25761-o3-h-7
113.781364,22.750801,i25762-o3-h-7
113.782310,22.750801,i25763-o3-h-7
113.783257,22.750801,i25764-o3-h-7
113.790810,22.750801,i25765-o2-h-3
113.805916,22.750801,i25766-o1-h0
113.806854,22.750801,i25767-o1-h0
113.807800,22.750801,i25768-o1-h0
113.808746,22.750801,i25769-o1-h0
113.823853,22.750801,i25770-o1-h-4
113.826683,22.750801,i25771-o2-h-4
113.831406,22.750801,i25772-o3-h-4
113.844620,22.750801,i25773-o1-h4
113.852173,22.750801,i25774-o1-h7
113.853119,22.750801,i25775-o1-h7
113.854065,22.750801,i25776-o1-h7
113.855011,22.750801,i25777-o1-h7
113.858788,22.750801,i25778-o1-h7
113.859726,22.750801,i25779-o1-h7
113.872002,22.750801,i25780-o1-h7
113.764366,22.751745,i25853-o4-h-10
113.784195,22.751745,i25854-o3-h-7
113.792694,22.751745,i25855-o2-h-3
113.804970,22.751745,i25856-o1-h0
113.823853,22.751745,i25857-o1-h-4
113.825737,22.751745,i25858-o2-h-4
113.830460,22.751745,i25859-o3-h-4
113.844620,22.751745,i25860-o1-h4
113.851234,22.751745,i25861-o1-h7
113.872002,22.751745,i25862-o1-h7
113.764366,22.752689,i25949-o4-h-10
113.785141,22.752689,i25950-o3-h-7
113.793640,22.752689,i25951-o2-h-3
113.804024,22.752689,i25952-o1-h-2
113.823853,22.752689,i25953-o1-h-4
113.824799,22.752689,i25954-o2-h-4
113.829514,22.752689,i25955-o3-h-4
113.844620,22.752689,i25956-o1-h4
113.846512,22.752689,i25957-o1-h4
113.850288,22.752689,i25958-o1-h7
113.872002,22.752689,i25959-o1-h7
113.764366,22.753633,i26025-o4-h-10
113.786087,22.753633,i26026-o3-h-7
113.792694,22.753633,i26027-o2-h-7
113.793640,22.753633,i26028-o2-h-7
113.804024,22.753633,i26029-o1-h-2
113.823853,22.753633,i26030-o1-h-4
113.824799,22.753633,i26031-o2-h-4
113.828575,22.753633,i26032-o3-h-4
113.845566,22.753633,i26033-o1-h4
113.847458,22.753633,i26034-o1-h4
113.848396,22.753633,i26035-o1-h4
113.849342,22.753633,i26036-o1-h4
113.872002,22.753633,i26037-o1-h7
113.878609,22.753633,i26038-o1-h7
113.764366,22.754578,i26093-o4-h-10
113.787033,22.754578,i26094-o3-h-7
113.787971,22.754578,i26095-o3-h-7
113.788918,22.754578,i26096-o3-h-7
113.789864,22.754578,i26097-o3-h-7
113.790810,22.754578,i26098-o3-h-7
113.792694,22.754578,i26099-o3-h-7
113.793640,22.754578,i26100-o3-h-7
113.794586,22.754578,i26101-o3-h-7
113.795525,22.754578,i26102-o3-h-7
113.804024,22.754578,i26103-o1-h-2
113.823853,22.754578,i26104-o1-h-4
113.824799,22.754578,i26105-o2-h-4
113.827629,22.754578,i26106-o3-h-4
113.872002,22.754578,i26107-o1-h7
113.877670,22.754578,i26108-o1-h7
113.765312,22.755522,i26161-o4-h-10
113.796471,22.755522,i26162-o3-h-7
113.804024,22.755522,i26163-o1-h-2
113.823853,22.755522,i26164-o1-h-4
113.824799,22.755522,i26165-o2-h-4
113.826683,22.755522,i26166-o3-h-4
113.872002,22.755522,i26167-o1-h7
113.876724,22.755522,i26168-o1-h7
113.765312,22.756466,i26212-o4-h-10
113.797417,22.756466,i26213-o3-h-7
113.798363,22.756466,i26214-o3-h-7
113.804970,22.756466,i26215-o1-h-2
113.823853,22.756466,i26216-o1-h-4
113.824799,22.756466,i26217-o2-h-4
113.825737,22.756466,i26218-o3-h-4
113.872002,22.756466,i26219-o1-h7
113.875778,22.756466,i26220-o1-h7
113.765312,22.757410,i26283-o2-h-8
113.766258,22.757410,i26284-o4-h-10
113.799301,22.757410,i26285-o3-h-7
113.804024,22.757410,i26286-o1-h-2
113.823853,22.757410,i26287-o1-h-4
113.824799,22.757410,i26288-o3-h-4
113.871056,22.757410,i26289-o1-h7
113.874832,22.757410,i26290-o1-h7
113.764366,22.758354,i26346-o2-h-2
113.768143,22.758354,i26347-o4-h-10
113.800247,22.758354,i26348-o3-h-7
113.803078,22.758354,i26349-o1-h-6
113.823853,22.758354,i26350-o3-h-4
113.870117,22.758354,i26351-o1-h7
113.873894,22.758354,i26352-o1-h7
113.763428,22.759298,i26406-o2-h-2
113.768143,22.759298,i26407-o4-h-10
113.801193,22.759298,i26408-o3-h-7
113.802139,22.759298,i26409-o1-h-7
113.803078,22.759298,i26410-o1-h-7
113.822906,22.759298,i26411-o3-h-4
113.869171,22.759298,i26412-o1-h7
113.872948,22.759298,i26413-o1-h7
113.762482,22.760242,i26462-o2-h-2
113.769089,22.760242,i26463-o4-h-10
113.802139,22.760242,i26464-o3-h-7
113.803078,22.760242,i26465-o3-h-7
113.821960,22.760242,i26466-o3-h-4
113.823853,22.760242,i26467-o1-h-4
113.824799,22.760242,i26468-o1-h-4
113.825737,22.760242,i26469-o1-h-4
113.826683,22.760242,i26470-o1-h-4
113.827629,22.760242,i26471-o1-h-4
113.828575,22.760242,i26472-o1-h-4
113.829514,22.760242,i26473-o1-h-4
113.830460,22.760242,i26474-o1-h-4
113.869171,22.760242,i26475-o1-h7
113.872002,22.760242,i26476-o2-h7
113.872948,22.760242,i26477-o1-h7
113.873894,22.760242,i26478-o1-h7
113.874832,22.760242,i26479-o1-h7
113.875778,22.760242,i26480-o1-h7
113.876724,22.760242,i26481-o1-h7
113.877670,22.760242,i26482-o1-h7
113.878609,22.760242,i26483-o1-h7
113.879555,22.760242,i26484-o1-h7
113.880501,22.760242,i26485-o1-h7
113.881447,22.760242,i26486-o1-h7
113.882385,22.760242,i26487-o1-h7
113.883331,22.760242,i26488-o1-h8
113.761536,22.761187,i26543-o2-h-2
113.770035,22.761187,i26544-o4-h-10
113.804024,22.761187,i26545-o3-h-7
113.821022,22.761187,i26546-o3-h-4
113.831406,22.761187,i26547-o1-h-4
113.837067,22.761187,i26548-o1-h1
113.869171,22.761187,i26549-o1-h7
113.871056,22.761187,i26550-o2-h7
113.884277,22.761187,i26551-o1-h8
113.760590,22.762131,i26626-o2-h-2
113.770981,22.762131,i26627-o4-h-10
113.804970,22.762131,i26628-o3-h-7
113.819130,22.762131,i26629-o3-h-7
113.820076,22.762131,i26630-o3-h-4
113.832352,22.762131,i26631-o1-h-4
113.836128,22.762131,i26632-o1-h-1
113.838013,22.762131,i26633-o1-h1
113.838959,22.762131,i26634-o1-h1
113.840843,22.762131,i26635-o1-h3
113.841789,22.762131,i26636-o1-h3
113.869171,22.762131,i26637-o2-h7
113.870117,22.762131,i26638-o2-h7
113.759651,22.762131,i26719-o2-h-2
113.771919,22.762131,i26720-o4-h-10
113.776642,22.762131,i26721-o1-h-4
113.805916,22.762131,i26722-o3-h-7
113.818184,22.762131,i26723-o3-h-7
113.833290,22.762131,i26724-o1-h-4
113.834236,22.762131,i26725-o1-h-4
113.835182,22.762131,i26726-o1-h-4
113.842735,22.762131,i26727-o1-h4
113.868225,22.762131,i26728-o2-h7
113.758705,22.763075,i26807-o2-h-2
113.772865,22.763075,i26808-o4-h-10
113.776642,22.763075,i26809-o1-h-4
113.806854,22.763075,i26810-o3-h-7
113.817245,22.763075,i26811-o3-h-7
113.819130,22.763075,i26812-o2-h-4
113.843681,22.763075,i26813-o1-h4
113.867279,22.763075,i26814-o2-h7
113.758705,22.764019,i26919-o2-h-2
113.773811,22.764019,i26920-o4-h-10
113.775696,22.764019,i26921-o1-h-7
113.807800,22.764019,i26922-o3-h-7
113.815353,22.764019,i26923-o3-h-7
113.819130,22.764019,i26924-o2-h-1
113.844620,22.764019,i26925-o1-h4
113.845566,22.764019,i26926-o1-h4
113.846512,22.764019,i26927-o1-h4
113.866341,22.764019,i26928-o2-h7
113.758705,22.764963,i27011-o2-h-2
113.774757,22.764963,i27012-o4-h-10
113.807800,22.764963,i27013-o3-h-7
113.814407,22.764963,i27014-o3-h-7
113.820076,22.764963,i27015-o2-h-1
113.821022,22.764963,i27016-o1-h-1
113.821960,22.764963,i27017-o1-h-1
113.822906,22.764963,i27018-o1-h-1
113.823853,22.764963,i27019-o1-h-1
113.824799,22.764963,i27020-o1-h-1
113.825737,22.764963,i27021-o1-h-1
113.865395,22.764963,i27022-o2-h7
113.758705,22.765907,i27086-o2-h-2
113.775696,22.765907,i27087-o4-h-10
113.776642,22.765907,i27088-o4-h-10
113.807800,22.765907,i27089-o3-h-7
113.812523,22.765907,i27090-o3-h-7
113.813469,22.765907,i27091-o3-h-7
113.820076,22.765907,i27092-o1-h-1
113.826683,22.765907,i27093-o1-h-1
113.827629,22.765907,i27094-o1-h0
113.862564,22.765907,i27095-o2-h4
113.863503,22.765907,i27096-o2-h5
113.758705,22.766851,i27172-o2-h-2
113.777588,22.766851,i27173-o4-h-10
113.807800,22.766851,i27174-o3-h-7
113.811577,22.766851,i27175-o3-h-7
113.812523,22.766851,i27176-o1-h-7
113.813469,22.766851,i27177-o1-h-7
113.820076,22.766851,i27178-o1-h-1
113.828575,22.766851,i27179-o1-h0
113.862564,22.766851,i27180-o2-h4
113.758705,22.767796,i27269-o2-h-2
113.778534,22.767796,i27270-o4-h-10
113.808746,22.767796,i27271-o3-h-7
113.809692,22.767796,i27272-o3-h-7
113.810631,22.767796,i27273-o3-h-7
113.814407,22.767796,i27274-o1-h-3
113.820076,22.767796,i27275-o1-h-1
113.829514,22.767796,i27276-o1-h0
113.862564,22.767796,i27277-o2-h2
113.759651,22.768740,i27347-o2-h-2
113.779480,22.768740,i27348-o4-h-10
113.815353,22.768740,i27349-o1-h-3
113.821022,22.768740,i27350-o1-h-1
113.830460,22.768740,i27351-o1-h0
113.831406,22.768740,i27352-o1-h0
113.832352,22.768740,i27353-o1-h0
113.833290,22.768740,i27354-o1-h0
113.834236,22.768740,i27355-o1-h1
113.862564,22.768740,i27356-o2-h2
113.759651,22.769684,i27415-o2-h-2
113.780418,22.769684,i27416-o4-h-10
113.794586,22.769684,i27417-o1-h-5
113.815353,22.769684,i27418-o1-h-3
113.821022,22.769684,i27419-o1-h-1
113.835182,22.769684,i27420-o1-h2
113.862564,22.769684,i27421-o2-h2
113.893715,22.769684,i27422-o1-h7
113.760590,22.770628,i27480-o2-h-2
113.781364,22.770628,i27481-o4-h-10
113.795525,22.770628,i27482-o1-h-5
113.815353,22.770628,i27483-o1-h-3
113.821960,22.770628,i27484-o1-h-1
113.836128,22.770628,i27485-o1-h3
113.837067,22.770628,i27486-o1-h3
113.863503,22.770628,i27487-o2-h2
113.893715,22.770628,i27488-o1-h7
113.760590,22.771572,i27552-o2-h-2
113.781364,22.771572,i27553-o4-h-10
113.796471,22.771572,i27554-o1-h-5
113.817245,22.771572,i27555-o1-h-2
113.821960,22.771572,i27556-o1-h-1
113.838013,22.771572,i27557-o1-h3
113.838959,22.771572,i27558-o1-h3
113.840843,22.771572,i27559-o1-h4
113.863503,22.771572,i27560-o2-h2
113.893715,22.771572,i27561-o1-h7
113.761536,22.772516,i27639-o2-h-2
113.782310,22.772516,i27640-o4-h-10
113.788918,22.772516,i27641-o1-h-10
113.789864,22.772516,i27642-o1-h-10
113.795525,22.772516,i27643-o1-h-5
113.815353,22.772516,i27644-o1-h-2
113.821960,22.772516,i27645-o1-h-1
113.841789,22.772516,i27646-o1-h4
113.854065,22.772516,i27647-o1-h4
113.855011,22.772516,i27648-o1-h3
113.855949,22.772516,i27649-o1-h2
113.856895,22.772516,i27650-o1-h2
113.865395,22.772516,i27651-o2-h2
113.893715,22.772516,i27652-o1-h7
113.762482,22.773460,i27729-o2-h-2
113.783257,22.773460,i27730-o4-h-10
113.784195,22.773460,i27731-o4-h-10
113.785141,22.773460,i27732-o4-h-10
113.786087,22.773460,i27733-o4-h-10
113.787033,22.773460,i27734-o4-h-10
113.787971,22.773460,i27735-o4-h-10
113.790810,22.773460,i27736-o1-h-10
113.795525,22.773460,i27737-o1-h-9
113.814407,22.773460,i27738-o1-h-2
113.821960,22.773460,i27739-o1-h-1
113.842735,22.773460,i27740-o1-h4
113.857841,22.773460,i27741-o1-h2
113.865395,22.773460,i27742-o2-h2
113.892776,22.773460,i27743-o1-h7
113.762482,22.774405,i27816-o1-h-2
113.763428,22.774405,i27817-o1-h-2
113.788918,22.774405,i27818-o4-h-10
113.792694,22.774405,i27819-o1-h-10
113.793640,22.774405,i27820-o1-h-10
113.794586,22.774405,i27821-o1-h-10
113.795525,22.774405,i27822-o1-h-10
113.821960,22.774405,i27823-o1-h-1
113.858788,22.774405,i27824-o1-h2
113.865395,22.774405,i27825-o2-h2
113.892776,22.774405,i27826-o1-h7
113.762482,22.775349,i27897-o1-h-2
113.763428,22.775349,i27898-o1-h-2
113.788918,22.775349,i27899-o4-h-10
113.822906,22.775349,i27900-o1-h-1
113.824799,22.775349,i27901-o1-h-1
113.859726,22.775349,i27902-o1-h2
113.865395,22.775349,i27903-o2-h2
113.892776,22.775349,i27904-o1-h7
113.762482,22.776293,i27967-o1-h-2
113.763428,22.776293,i27968-o1-h-2
113.788918,22.776293,i27969-o4-h-10
113.823853,22.776293,i27970-o1-h-1
113.859726,22.776293,i27971-o1-h2
113.865395,22.776293,i27972-o2-h2
113.893715,22.776293,i27973-o1-h7
113.894661,22.776293,i27974-o1-h7
113.753036,22.777237,i28054-o3-h-2
113.761536,22.777237,i28055-o1-h-2
113.764366,22.777237,i28056-o1-h-1
113.788918,22.777237,i28057-o4-h-10
113.859726,22.777237,i28058-o1-h2
113.865395,22.777237,i28059-o2-h2
113.895607,22.777237,i28060-o1-h7
113.753036,22.778181,i28146-o3-h-2
113.760590,22.778181,i28147-o1-h-1
113.765312,22.778181,i28148-o1-h-1
113.789864,22.778181,i28149-o4-h-10
113.860672,22.778181,i28150-o1-h2
113.865395,22.778181,i28151-o2-h2
113.873894,22.778181,i28152-o1-h3
113.753036,22.779125,i28228-o3-h-1
113.760590,22.779125,i28229-o1-h-1
113.766258,22.779125,i28230-o1-h-1
113.789864,22.779125,i28231-o4-h-10
113.861618,22.779125,i28232-o1-h2
113.865395,22.779125,i28233-o2-h2
113.873894,22.779125,i28234-o1-h3
113.753036,22.780069,i28303-o3-h-1
113.760590,22.780069,i28304-o1-h-1
113.766258,22.780069,i28305-o1-h-1
113.769089,22.780069,i28306-o1-h0
113.790810,22.780069,i28307-o4-h-10
113.862564,22.780069,i28308-o1-h2
113.865395,22.780069,i28309-o2-h2
113.873894,22.780069,i28310-o1-h3
113.753036,22.781013,i28375-o3-h-1
113.760590,22.781013,i28376-o1-h-1
113.768143,22.781013,i28377-o1-h-1
113.792694,22.781013,i28378-o4-h-10
113.863503,22.781013,i28379-o2-h2
113.873894,22.781013,i28380-o1-h3
113.753983,22.781958,i28469-o3-h-1
113.761536,22.781958,i28470-o1-h-1
113.792694,22.781958,i28471-o4-h-10
113.863503,22.781958,i28472-o2-h-1
113.873894,22.781958,i28473-o1-h3
113.881447,22.781958,i28474-o1-h4
113.882385,22.781958,i28475-o1-h4
113.883331,22.781958,i28476-o1-h6
113.884277,22.781958,i28477-o1-h6
113.754929,22.782902,i28559-o3-h-1
113.762482,22.782902,i28560-o1-h-1
113.793640,22.782902,i28561-o4-h-10
113.862564,22.782902,i28562-o2-h-1
113.873894,22.782902,i28563-o1-h3
113.880501,22.782902,i28564-o1-h4
113.754929,22.783846,i28656-o3-h-1
113.783257,22.783846,i28657-o1-h-1
113.784195,22.783846,i28658-o1-h-1
113.793640,22.783846,i28659-o4-h-10
113.861618,22.783846,i28660-o2-h-1
113.873894,22.783846,i28661-o1-h3
113.879555,22.783846,i28662-o1-h4
113.754929,22.784790,i28730-o3-h-1
113.785141,22.784790,i28731-o1-h-1
113.786087,22.784790,i28732-o1-h-1
113.787033,22.784790,i28733-o1-h-2
113.787971,22.784790,i28734-o1-h-2
113.788918,22.784790,i28735-o2-h-3
113.789864,22.784790,i28736-o2-h-4
113.790810,22.784790,i28737-o2-h-5
113.792694,22.784790,i28738-o2-h-7
113.793640,22.784790,i28739-o4-h-7
113.862564,22.784790,i28740-o2-h-1
113.872948,22.784790,i28741-o2-h3
113.873894,22.784790,i28742-o1-h3
113.874832,22.784790,i28743-o1-h3
113.875778,22.784790,i28744-o1-h3
113.876724,22.784790,i28745-o1-h3
113.877670,22.784790,i28746-o1-h3
113.878609,22.784790,i28747-o1-h4
113.754929,22.784790,i28811-o3-h-1
113.787971,22.784790,i28812-o2-h-1
113.794586,22.784790,i28813-o4-h-7
113.795525,22.784790,i28814-o4-h-7
113.796471,22.784790,i28815-o4-h-7
113.862564,22.784790,i28816-o2-h-1
113.872002,22.784790,i28817-o2-h3
113.755875,22.785734,i28880-o3-h-1
113.787971,22.785734,i28881-o2-h0
113.797417,22.785734,i28882-o4-h-7
113.860672,22.785734,i28883-o2-h-1
113.862564,22.785734,i28884-o2-h-1
113.871056,22.785734,i28885-o2-h3
113.756813,22.786678,i28956-o3-h-1
113.787971,22.786678,i28957-o2-h0
113.798363,22.786678,i28958-o4-h-7
113.799301,22.786678,i28959-o4-h-7
113.821022,22.786678,i28960-o1-h-5
113.859726,22.786678,i28961-o2-h-1
113.861618,22.786678,i28962-o2-h-1
113.870117,22.786678,i28963-o2-h0
113.757759,22.787622,i29054-o3-h-1
113.788918,22.787622,i29055-o2-h0
113.800247,22.787622,i29056-o4-h-7
113.821960,22.787622,i29057-o1-h-5
113.858788,22.787622,i29058-o2-h-1
113.869171,22.787622,i29059-o2-h0
113.757759,22.788567,i29149-o3-h-1
113.789864,22.788567,i29150-o2-h0
113.801193,22.788567,i29151-o4-h-7
113.802139,22.788567,i29152-o4-h-7
113.803078,22.788567,i29153-o4-h-7
113.804024,22.788567,i29154-o4-h-7
113.822906,22.788567,i29155-o1-h-5
113.857841,22.788567,i29156-o2-h-1
113.866341,22.788567,i29157-o2-h-1
113.867279,22.788567,i29158-o2-h-1
113.868225,22.788567,i29159-o2-h-1
113.758705,22.789511,i29236-o3-h-1
113.789864,22.789511,i29237-o2-h0
113.804970,22.789511,i29238-o4-h-7
113.821960,22.789511,i29239-o1-h-5
113.856895,22.789511,i29240-o4-h-1
113.857841,22.789511,i29241-o4-h-1
113.858788,22.789511,i29242-o4-h-1
113.865395,22.789511,i29243-o4-h-1
113.866341,22.789511,i29244-o4-h-1
113.867279,22.789511,i29245-o4-h-1
113.868225,22.789511,i29246-o4-h-1
113.759651,22.790455,i29314-o3-h-1
113.788918,22.790455,i29315-o2-h0
113.805916,22.790455,i29316-o4-h-7
113.821960,22.790455,i29317-o1-h-5
113.824799,22.790455,i29318-o1-h-5
113.825737,22.790455,i29319-o1-h-5
113.826683,22.790455,i29320-o1-h-5
113.827629,22.790455,i29321-o1-h-5
113.828575,22.790455,i29322-o1-h-5
113.829514,22.790455,i29323-o1-h-5
113.855949,22.790455,i29324-o4-h-1
113.859726,22.790455,i29325-o4-h-1
113.863503,22.790455,i29326-o4-h-1
113.869171,22.790455,i29327-o4-h-1
113.760590,22.791399,i29384-o3-h-1
113.788918,22.791399,i29385-o2-h0
113.806854,22.791399,i29386-o4-h-7
113.821022,22.791399,i29387-o1-h-5
113.823853,22.791399,i29388-o1-h-5
113.855011,22.791399,i29389-o4-h-1
113.860672,22.791399,i29390-o4-h-1
113.862564,22.791399,i29391-o4-h-1
113.870117,22.791399,i29392-o4-h-1
113.760590,22.792345,i29462-o3-h-1
113.787971,22.792345,i29463-o2-h0
113.806854,22.792345,i29464-o2-h-7
113.807800,22.792345,i29465-o4-h-7
113.808746,22.792345,i29466-o4-h-7
113.811577,22.792345,i29467-o4-h-5
113.812523,22.792345,i29468-o4-h-5
113.813469,22.792345,i29469-o4-h-5
113.820076,22.792345,i29470-o2-h-5
113.821022,22.792345,i29471-o1-h-5
113.821960,22.792345,i29472-o1-h-5
113.822906,22.792345,i29473-o1-h-5
113.852173,22.792345,i29474-o1-h-1
113.855011,22.792345,i29475-o4-h-1
113.861618,22.792345,i29476-o4-h-1
113.871056,22.792345,i29477-o4-h-1
113.761536,22.793289,i29551-o3-h-1
113.787971,22.793289,i29552-o2-h0
113.806854,22.793289,i29553-o2-h-7
113.809692,22.793289,i29554-o4-h-5
113.810631,22.793289,i29555-o4-h-5
113.814407,22.793289,i29556-o4-h-5
113.815353,22.793289,i29557-o4-h-5
113.817245,22.793289,i29558-o4-h-5
113.818184,22.793289,i29559-o4-h-5
113.819130,22.793289,i29560-o4-h-5
113.820076,22.793289,i29561-o4-h-5
113.821022,22.793289,i29562-o4-h-5
113.821960,22.793289,i29563-o4-h-5
113.822906,22.793289,i29564-o4-h-5
113.823853,22.793289,i29565-o4-h-5
113.824799,22.793289,i29566-o4-h-5
113.825737,22.793289,i29567-o4-h-5
113.826683,22.793289,i29568-o4-h-5
113.827629,22.793289,i29569-o4-h-5
113.828575,22.793289,i29570-o4-h-5
113.829514,22.793289,i29571-o4-h-5
113.830460,22.793289,i29572-o4-h-5
113.851234,22.793289,i29573-o1-h-1
113.855011,22.793289,i29574-o4-h-1
113.871056,22.793289,i29575-o4-h-1
113.762482,22.794233,i29659-o3-h-1
113.787971,22.794233,i29660-o2-h0
113.806854,22.794233,i29661-o2-h-7
113.823853,22.794233,i29662-o1-h-5
113.831406,22.794233,i29663-o4-h-5
113.850288,22.794233,i29664-o1-h-1
113.854065,22.794233,i29665-o4-h-1
113.871056,22.794233,i29666-o4-h-1
113.770981,22.683767,i61846-o1-h-3
113.760590,22.703594,i61857-o2-h-3
113.758705,22.723421,i61871-o1-h-10
113.756813,22.739471,i61880-o4-h-10
